{
    "Yield": 25700506383,
    "Q7 bases": "99.75%",
    "Longest_read": 60304,
    "Num_of_reads": 2162014,
    "Length_stats": {
        "gamma_params": [
            6.870190079033733,
            1730.2721820701438
        ],
        "Mean_read_length": 11887.298779286351,
        "N50_read_length": 12810.0
    },
    "GC_stats": {
        "Mean_GC_content": 0.3827945291996002,
        "SD_GC_content": 0.036169346421957016
    },
    "Stats_for_adapter5": {
        "Num_of_trimmed_reads_5": 10,
        "Max_identity_adp5": 0.8,
        "Average_position_from_5_end": 63.8
    },
    "Stats_for_adapter3": {
        "Num_of_trimmed_reads_3": 5,
        "Max_identity_adp3": 0.7659574468085106,
        "Average_position_from_3_end": 71.2
    },
    "Coverage_stats": {
        "Estimated non-sense read fraction": 0.0002,
        "Mean_coverage": 122.99403147935952,
        "SD_coverage": 96.0325879317775,
        "Estimated crude Xome size": "208915554 (e = 0.0%)"
    }
}