{
    "Yield": 25700477644,
    "Q7 bases": "99.75%",
    "Longest_read": 60304,
    "Num_of_reads": 2162013,
    "Length_stats": {
        "gamma_params": [
            6.870209250593925,
            1730.2662191561585
        ],
        "Mean_read_length": 11887.290984836816,
        "N50_read_length": 12810.0
    },
    "GC_stats": {
        "Mean_GC_content": 0.38279440999031067,
        "SD_GC_content": 0.036169350147247314
    },
    "Stats_for_adapter5": {
        "Num_of_trimmed_reads_5": 10,
        "Max_identity_adp5": 0.8,
        "Average_position_from_5_end": 63.8
    },
    "Stats_for_adapter3": {
        "Num_of_trimmed_reads_3": 5,
        "Max_identity_adp3": 0.7659574468085106,
        "Average_position_from_3_end": 71.2
    },
    "Coverage_stats": {
        "Estimated non-sense read fraction": 0.0002,
        "Mean_coverage": 123.01972991964641,
        "SD_coverage": 96.02845027347067,
        "Estimated crude Xome size": "208871679 (e = 0.0%)"
    }
}